Instance,Result,Time
GKD_d_1_n500_coor.txt,11.83872,31.594767093658447
